Nombre,apellido,edad,genero,salario
Paige,Hester,19,Male,3429
Jorden,Patel,56,Female,6861
Elisa,Bartlett,67,Male,1650
Nelson,Forbes,81,Female,2779
Jewel,Estes,66,Male,8102
Princess,Norris,61,Female,2644
Gillian,Vincent,61,Male,6356
Sydnee,Wright,51,Female,7790
Mireya,Bird,32,Male,6867
Alicia,Mckenzie,70,Female,1296
Camden,Flores,24,Male,3889
Tatum,Bender,26,Female,2229
Wendy,Marks,81,Male,4484
Lillie,Fritz,80,Female,6203
Amara,Escobar,27,Male,2904
Abigayle,Reyes,60,Female,2071
Meadow,Berry,61,Male,8111
Ethen,Lozano,67,Female,1648
Augustus,Bennett,40,Male,3619
Martin,Patel,86,Female,8599
Ismael,Mcdaniel,27,Female,9436
Samara,Suarez,23,Male,4846
Briley,Porter,72,Female,8854
Danika,Atkins,59,Female,4891
Luca,Chandler,55,Male,6399
Misael,Stark,24,Female,4866
Elsie,Shepherd,71,Female,7401
Savanna,Stephenson,65,Male,4294
June,Holt,61,Female,7112
Carlos,Morse,46,Female,7434
Fiona,Mullins,64,Male,4433
Cole,Ibarra,37,Female,5232
James,Lee,69,Female,6745
Zayne,Michael,77,Male,3559
Yael,Collins,80,Female,2484
Jon,Tapia,29,Female,8771
Marianna,Jordan,81,Male,4604
Jamar,Wallace,27,Female,6460
Emely,Shepard,55,Female,4933
Gia,Fitzgerald,85,Male,2525
Francis,Norman,59,Female,9174
Alonso,Romero,85,Female,2456
Antony,Gonzales,25,Male,7606
Austin,Fuentes,86,Female,2937
Elisa,Salazar,75,Female,4014
Andre,Poole,18,Male,7207
Kathryn,Frazier,29,Female,3045
Aden,Gutierrez,20,Female,6055
Alvin,Barr,74,Male,8614
Steve,Yu,37,Female,6226
Trystan,Reynolds,78,Female,5417
Kade,Buchanan,30,Male,4126
Yadiel,Rubio,45,Female,1730
Elizabeth,Rubio,45,Female,6570
Byron,Gill,54,Male,3690
Moses,Huffman,24,Female,2675
Bryce,Barker,39,Female,7931
Brennan,Grant,86,Male,8393
Leonel,Ramirez,68,Female,6534
Izayah,Rollins,55,Female,8555
Landen,Schneider,82,Male,5997
Elias,Rivas,22,Female,6241
Connor,Briggs,87,Female,8044
Romeo,Bass,66,Male,5042
Sheldon,Trujillo,43,Female,7196
Jagger,Hester,29,Female,4849
Lea,Kirk,35,Male,7473
Micaela,Allison,58,Female,1674
Mallory,Delgado,63,Female,7828
Talia,Brown,38,Male,5969
Miley,Harvey,45,Female,4771
Memphis,Mccarty,35,Female,4150
Alexia,Hinton,58,Male,9007
Camille,Cardenas,55,Female,7751
Alondra,Barron,28,Male,5304
Alyssa,Mullins,89,Female,6489
Dayanara,Clayton,19,Male,8406
Marie,Bautista,83,Female,7651
Shyla,Barker,20,Male,3655
Madalynn,Barr,59,Female,8939
Kassidy,Stein,42,Male,7107
Alivia,Craig,53,Female,4440
Larissa,Cantu,78,Male,1461
Kiara,Acevedo,84,Female,9183
Malcolm,Vargas,23,Male,8964
Uriah,Navarro,83,Female,5003
Leon,Mcintosh,51,Male,7755
Mikayla,Mccarthy,67,Female,9201
Calvin,Padilla,48,Male,2287
Isabelle,Fuller,74,Female,7347
Van,Lynch,25,Male,3959
Catherine,Walter,22,Female,1886
Elsa,Rocha,19,Female,4050
Rodolfo,Frederick,83,Male,2030
Penelope,Avery,23,Female,4934
Tristian,Fleming,62,Female,7212
Ana,Arnold,83,Male,8650
Jaliyah,Cross,80,Female,2549
Abby,Keith,32,Female,6132
Brogan,Mcguire,57,Male,2689
Hayley,Lopez,26,Female,4522
Riley,Bonilla,88,Female,5987
Salma,Kline,78,Male,3557
Parker,Frederick,58,Female,8257
Isiah,Willis,41,Female,7063
Janessa,Patel,64,Male,5195
Anaya,Mcgee,40,Female,5086
King,Love,53,Female,6352
Emanuel,Sheppard,69,Male,2507
Asher,Huffman,32,Female,8991
Kyra,Rhodes,46,Female,6438
Amina,Reynolds,32,Male,3427
Jakob,Munoz,58,Female,3955
Rodrigo,Warren,47,Female,8730
Daniela,Roberts,49,Male,8926
Kyla,Graves,20,Female,3892
Brogan,Browning,22,Female,8441
Jaidyn,Romero,72,Male,7745
Maribel,Ward,60,Female,1777
Lilyana,Phelps,22,Female,5024
Yurem,Sparks,67,Male,7024
Nina,Bates,32,Female,7063
Turner,Ross,42,Female,8794
Sasha,Stevenson,88,Male,3754
Damaris,Petty,49,Female,1864
Adriana,Goodman,41,Female,4982
Sadie,Brock,24,Male,2139
Martin,Hall,44,Female,6063
Ernesto,Knapp,82,Female,5434
Angelica,Cardenas,47,Male,5283
Georgia,Nicholson,63,Female,1751
Aryanna,Stanton,45,Female,5963
Van,Tyler,64,Male,4948
Joseph,Douglas,31,Female,4716
Keenan,Blackburn,65,Female,6853
Cortez,Hoffman,76,Male,3101
Solomon,Marquez,42,Female,2666
Kaylynn,Fry,31,Female,2994
Pierce,Bailey,57,Male,3171
Jan,Cortez,19,Female,7242
Brock,Mccoy,88,Female,8355
Piper,Fowler,48,Male,7181
Audrey,Stuart,28,Female,6017
Gavyn,Reed,19,Male,7811
Keenan,Le,43,Female,2812
Lina,Wall,20,Male,2841
Gianna,Ingram,81,Female,6025
Lily,Velasquez,24,Male,9242
Lea,Hatfield,24,Female,4076
Cassidy,Vincent,78,Male,3091
Sasha,Solomon,64,Female,5277
Lexie,Cardenas,76,Male,8062
Micaela,Black,48,Female,2641
Jaslene,Boyer,66,Male,7538
Walker,Grimes,80,Female,4195
Eliezer,Conway,88,Male,4103
Nancy,Nichols,56,Female,8417
Hailee,Shepherd,64,Male,2155
Brennan,Watson,73,Female,2777
Sawyer,Rios,38,Male,7322
Brittany,Bean,79,Female,2285
Denise,Downs,76,Male,4028
Coleman,Leonard,43,Female,8131
Myles,Banks,72,Female,4957
Clark,Chambers,62,Male,1872
Savanah,Spence,30,Female,8312
Brogan,Schultz,48,Female,1215
Juan,Ramos,61,Male,7646
Gemma,Keith,24,Female,8006
Rafael,Medina,79,Female,1832
Shirley,Velez,55,Male,8132
Samuel,Soto,73,Female,8434
Enrique,Lester,34,Female,5258
Trinity,Horton,82,Male,5687
Yusuf,Blanchard,59,Female,7157
Maximillian,Cooper,89,Female,2841
Raymond,Raymond,35,Male,2553
Nathalia,Hicks,34,Female,3861
Zackary,Sloan,62,Female,8644
Matilda,Lloyd,60,Male,2429
Morgan,Juarez,56,Female,7181
Angela,Brennan,61,Female,4693
Maximus,Whitehead,57,Male,5080
Caitlin,Chandler,86,Female,8923
Braylen,Nash,72,Female,1821
Marquis,Buck,30,Male,5806
Dominik,Mayo,75,Female,1676
Carissa,Bradshaw,85,Female,1657
Enzo,Briggs,63,Male,7843
Jack,Santiago,71,Female,8891
Ayanna,Jordan,28,Female,3559
Simone,Vargas,32,Male,3384
Maxwell,Clarke,78,Female,3171
Kassandra,Moody,22,Female,6130
Gilberto,Daniels,22,Male,6884
Louis,Combs,59,Female,4290
Cheyanne,Doyle,75,Female,6337
Jamie,Mcconnell,80,Male,6023
Samara,Dodson,54,Female,4111
Soren,Carney,62,Female,3768
Hector,Bush,90,Male,6355
Carson,Bernard,52,Female,2429
Andrea,Huerta,69,Female,9092
Allyson,Gill,40,Male,5747
Heather,Christian,71,Female,1369
Aliza,Duffy,86,Female,5669
Harold,Daugherty,51,Male,2565
Tyler,Hatfield,90,Female,3497
Cason,Jensen,60,Female,7885
Lauryn,Jordan,80,Male,1819
Brooklyn,Walker,74,Female,7925
Tanya,Richardson,48,Female,8597
Rory,Meyers,28,Male,2715
Adam,Hardin,27,Female,6977
Rose,Marquez,84,Female,2113
Aleah,Nicholson,80,Female,7904
Anabella,Baird,28,Female,4526
Alan,Nash,42,Male,8685
Luna,Macdonald,60,Female,6190
Marcelo,Sutton,26,Female,2796
Luis,Merritt,27,Male,2990
Vaughn,Turner,80,Female,6081
Serena,Dean,52,Female,2680
Olivia,Holmes,30,Male,8767
Stephen,Bell,42,Female,2185
Enzo,Odom,18,Female,5000
Jakayla,James,38,Male,6427
Guadalupe,Klein,29,Female,8755
Julissa,Little,71,Female,2503
Wilson,Fowler,58,Male,5508
Londyn,Norton,37,Female,7995
Jose,Fletcher,89,Female,3354
Remington,Mcmillan,54,Male,3657
Raven,Middleton,68,Female,6885
Brenna,Duarte,74,Female,4104
Alfonso,Schroeder,57,Male,3904
Josh,Conner,51,Female,7715
Micaela,Jarvis,56,Female,6539
Josie,Mcpherson,72,Male,2561
Brooklyn,Barrera,37,Female,8313
Raymond,Glenn,89,Female,8834
Myla,Carr,32,Male,9273
Laura,Blevins,79,Female,1242
Ayden,Todd,65,Female,3734
Cindy,Nichols,38,Male,8923
Claudia,Dunlap,51,Female,9056
Christine,Andrade,84,Female,2169
Ann,Booker,51,Male,4268
Angelique,Frazier,28,Female,4975
Heather,Hayes,55,Female,6107
Aryanna,Bright,20,Male,8202
Sandra,Khan,75,Female,5898
Anastasia,Jensen,20,Female,2946
Macy,Jenkins,75,Male,4017
London,Reilly,37,Female,1475
Byron,Medina,52,Female,6324
Anabel,Stephens,42,Male,1423
Deven,Frey,40,Female,1679
Lucas,Kerr,66,Female,3432
Marlie,Beltran,60,Male,6107
Natalee,Mack,67,Female,4174
Demarion,Hartman,85,Female,3827
Adelaide,Bentley,50,Male,9460
Sidney,Petty,33,Female,1259
Joselyn,Jacobs,55,Female,7501
Lilyana,Leach,71,Male,5486
Cayden,Morgan,31,Female,5702
Cristopher,Wood,74,Female,6072
Albert,Castillo,20,Female,6013
Aisha,Holden,83,Female,8596
Abraham,Harrison,32,Male,8734
Harley,Frank,83,Female,8886
Sarah,Solomon,26,Female,3802
Myla,Cummings,64,Male,5060
Viviana,Kelley,57,Female,8653
Roberto,Doyle,54,Female,2259
Antonio,Sanchez,35,Male,6237
Breanna,Gallegos,28,Female,7502
Angelina,Ritter,41,Female,8754
Tony,Turner,57,Male,4201
Misael,Gregory,50,Female,9004
Brooks,Cochran,42,Female,4613
Emerson,Hampton,50,Male,2723
Kailey,Boone,90,Female,4367
Zoe,Newton,55,Female,4331
Kael,Burgess,37,Male,8710
Antoine,Wyatt,77,Female,8163
Reina,Ellison,70,Male,3443
Danielle,Singleton,64,Female,6030
Kenya,Mccall,73,Male,3586
Maximilian,Cole,57,Female,4465
Emmy,Wilkins,37,Male,1738
Brendon,Mcclain,44,Female,5484
Londyn,Gould,26,Male,2004
Alden,Ruiz,86,Female,7274
Reece,Cruz,24,Male,5050
Alex,Perry,22,Female,8150
Adalynn,Calhoun,58,Male,7097
Samantha,Gates,18,Female,7031
Cody,Haney,36,Male,5467
Emerson,Glenn,30,Female,1558
Aylin,Pittman,65,Male,9436
Denise,Ashley,50,Female,6256
Tyson,Branch,65,Male,1461
Tristan,Cabrera,61,Female,8107
Taryn,Costa,56,Female,4633
Marilyn,Mills,21,Male,8408
Makenzie,Jackson,58,Female,5571
Ashleigh,Reeves,78,Female,9361
Julianne,Heath,23,Male,7801
Aidyn,Mccormick,82,Female,1396
Rolando,Mathews,52,Female,5928
Nickolas,Hoover,27,Male,3691
Naomi,Ramirez,47,Female,4831
Giana,Barajas,34,Female,2129
Melany,Mcintosh,59,Male,8331
Nathalie,Murillo,85,Female,7881
Sebastian,Houston,57,Female,6886
Kathleen,Durham,67,Male,2149
Lizeth,Hebert,44,Female,7318
Isla,Pollard,52,Female,4721
Owen,Castro,77,Male,8734
Quinten,Reynolds,74,Female,8191
Brody,Fernandez,78,Female,5614
Dylan,Finley,49,Male,8372
Dax,Dougherty,38,Female,5068
Mckayla,Santiago,69,Female,2481
Paola,Estrada,90,Male,8717
Christina,Tyler,32,Female,3170
Davis,Barrera,29,Female,5221
Emmalee,Camacho,25,Male,8145
Kianna,Frederick,75,Female,3944
Mauricio,Harrell,29,Female,3490
Kobe,King,86,Male,2437
Marcus,Oneal,39,Female,8090
Manuel,Rojas,27,Female,8890
Jadyn,Martinez,33,Male,6484
Marquise,Knight,45,Female,7964
Gage,Stanley,42,Female,7356
Kaden,Pham,38,Male,2480
Arjun,Odonnell,42,Female,8630
Kaylyn,Dawson,58,Female,4681
Fiona,Mullins,78,Male,7352
Angeline,Sweeney,20,Female,3524
Ross,Johnston,35,Female,3760
Regina,Frye,37,Male,5924
Damari,Hatfield,54,Female,1249
Jeffrey,Hawkins,55,Female,2012
Estrella,Sloan,85,Male,3896
Angie,Bartlett,40,Female,2864
Terry,Parks,69,Female,8321
Kyra,Edwards,50,Male,2286
Fernanda,Rivera,43,Female,2178
Laura,Wiggins,48,Female,8622
Charles,Quinn,67,Male,6259
Deborah,Delgado,37,Female,4692
Yandel,Castaneda,76,Female,2322
Humberto,Meadows,31,Male,7573
Savion,Chandler,89,Female,8886
Kailyn,Mcknight,49,Male,1661
Vance,Massey,27,Female,7515
Charity,Schneider,31,Male,4239
Leila,Holt,48,Female,2885
Kiersten,Guerrero,67,Male,7759
Braydon,Frank,68,Female,7126
Abagail,Wyatt,19,Male,2216
Braedon,Medina,26,Female,1660
Madilynn,Allison,19,Male,5058
Reese,Zavala,50,Female,7282
Bria,Krause,39,Male,7625
Kyleigh,Burns,87,Female,5513
Mateo,Chen,73,Male,4914
Javon,Mitchell,58,Female,4735
Rene,Huerta,60,Male,6016
Quincy,Ray,72,Female,9361
Pierre,Pollard,63,Male,9388
Lilyana,Rice,57,Female,8761
Skylar,Burns,65,Female,3816
Callie,Anderson,30,Male,2627
Nayeli,Watts,53,Female,2779
Tristan,Nolan,18,Female,1264
Mara,Dougherty,78,Male,7695
Lindsey,Vincent,23,Female,7402
Raelynn,Norris,54,Female,3960
Angela,Cummings,25,Male,3726
Marely,Richards,88,Female,1507
Isabel,Higgins,49,Female,2860
Jett,Nicholson,36,Male,3813
Morgan,Dennis,56,Female,4289
Madilynn,Richardson,34,Female,6080
Camryn,Huerta,69,Male,7505
Adriana,Frye,74,Female,4664
Drake,Howard,66,Female,7594
Miguel,Buck,78,Male,6219
Lara,Oconnor,61,Female,9338
Aliza,Roman,84,Female,8797
Brianna,Howard,84,Male,3275
Ethen,Stuart,88,Female,5768
Nathanael,Lopez,73,Female,5502
Kailey,Fletcher,72,Male,7398
Heath,Bates,26,Female,7415
Camryn,Dennis,58,Female,7244
Angeline,Morrow,78,Male,4204
Makenna,Mahoney,67,Female,2696
Mercedes,Callahan,36,Female,4040
Maya,Roy,51,Male,9002
Quinten,Pittman,64,Female,4899
Keira,Mays,62,Female,4087
Wesley,Dickson,54,Male,3821
Bailee,Spencer,86,Female,8094
Marlon,Calderon,26,Female,2367
Pranav,Blair,64,Male,6068
Renee,Dixon,24,Female,8766
Alivia,Juarez,37,Female,5489
Turner,Molina,72,Male,6095
Reese,Barker,74,Female,7514
Griffin,Rangel,39,Female,2078
Meadow,Barr,64,Male,7751
Trevor,Hall,59,Female,3163
Athena,Richard,74,Female,2271
Dania,Cooley,68,Male,9389
Chad,Harper,59,Female,5434
Sophia,Mclean,37,Female,2697
Jenna,Silva,40,Male,8320
Santiago,Cole,77,Female,8711
Terrance,Carter,79,Female,8106
Lorenzo,Hendrix,82,Male,2751
Abram,Pacheco,59,Female,9393
Kaley,Potts,73,Female,6231
Tamia,Allen,72,Male,5466
Pierce,Rasmussen,52,Female,3487
Maddison,Ballard,36,Male,5469
Reese,Bauer,47,Female,9200
Maggie,Brady,63,Male,8838
Mary,Pugh,57,Female,7991
Manuel,Cobb,57,Male,3399
Zachary,Combs,68,Female,7655
Garrett,Simon,62,Male,3310
Itzel,Jennings,34,Female,9390
Santiago,Snyder,18,Male,4497
Curtis,Bean,65,Female,3977
Amara,Villarreal,83,Male,2875
Eddie,Frazier,68,Female,2943
Colby,Curry,65,Male,7080
Logan,York,52,Female,1844
Caroline,Meadows,45,Male,4810
Jaydan,Barnes,23,Female,1388
Zaiden,Rollins,68,Male,4457
Maya,Stuart,73,Female,7660
Everett,Clayton,85,Female,4227
Tanner,Simpson,74,Male,3819
Jaden,Moore,19,Female,5653
Valentin,Villanueva,72,Female,1763
Jadiel,Gray,62,Male,2191
Frankie,Holland,49,Female,5675
Charlotte,Flynn,52,Female,4851
Mark,Gardner,70,Male,1583
Jaden,Velazquez,88,Female,9283
Yandel,Wong,29,Female,8249
Brogan,Snow,53,Male,7712
Jalen,Perez,53,Female,9128
Sierra,Leblanc,44,Female,4155
Kaylie,Pham,28,Male,5618
Dominique,Mueller,27,Female,7817
Zachary,Ewing,18,Female,6066
Alex,Ritter,35,Male,2218
Baron,Cooley,64,Female,3762
Jazmyn,Martinez,34,Female,7876
Kelsie,Terry,60,Male,2594
Mollie,Coffey,60,Female,1218
Maleah,Mathis,62,Female,3398
Dayami,Vaughan,41,Male,9491
Sanaa,Ochoa,22,Female,9277
Cheyanne,Wagner,63,Female,9369
Ishaan,Lopez,49,Male,3194
Esperanza,Harris,21,Female,7959
Bella,Waller,23,Female,7663
Alanna,Collier,45,Male,9148
Alberto,Raymond,67,Female,5046
Alyvia,Bishop,59,Female,1478
Dana,Montes,52,Male,6301
Grant,Paul,50,Female,1928
Tanya,Donaldson,84,Female,2147
Marley,Bonilla,50,Male,6553
Jamari,Trevino,86,Female,9037
Kamryn,York,68,Female,3348
Brock,Colon,54,Male,3477
Gia,Serrano,48,Female,5403
Brian,Mccarthy,77,Female,5635
Felicity,Wiggins,51,Male,4609
Reid,Velez,43,Female,4698
Alisha,Carroll,37,Female,1809
Laney,Cardenas,54,Male,7786
Katelynn,Wilcox,53,Female,7407
Jovanni,Navarro,85,Female,3009
Dayana,Bonilla,82,Male,7904
Sariah,Compton,68,Female,3543
Lucian,Lynch,80,Female,6272
Nolan,Dougherty,46,Male,8308
Mireya,Gibbs,64,Female,4465
Elvis,Kennedy,29,Male,4815
Kelton,Santos,51,Female,3408
Sofia,Calderon,88,Male,6402
Monique,Carney,75,Female,5820
Skyler,Calderon,28,Male,3458
Aleah,Garza,73,Female,9388
Lee,Chambers,22,Male,6981
Donald,Floyd,72,Female,2134
Anton,Mccarty,77,Male,1324
Osvaldo,Maldonado,20,Female,6064
Cristal,Harrison,61,Male,3767
Lorenzo,Levine,57,Female,8168
Jazlynn,Tapia,63,Male,2017
Pranav,Wilkins,84,Female,9424
Jayson,Kane,45,Male,7395
Sammy,Gutierrez,31,Female,8871
Leila,Martin,23,Male,9423
Iyana,Compton,19,Female,5621
Phoebe,Bright,78,Male,4728
Kamora,Garcia,73,Female,1300
Colten,Brennan,35,Female,6458
Jamarcus,Zavala,20,Male,4433
Brynlee,Wilcox,20,Female,4968
Lane,Nunez,42,Female,4071
Adonis,Livingston,46,Male,1719
Ryan,Wilcox,26,Female,1255
Summer,Cabrera,81,Female,7931
Colten,Pratt,62,Male,1921
Owen,Williams,84,Female,9117
Clark,Gutierrez,39,Female,4415
Junior,Montoya,68,Male,1762
Marlon,Owens,74,Female,6768
Pedro,Booker,59,Female,4717
Janiyah,Contreras,44,Male,8350
Danika,Valentine,70,Female,3232
Alaina,Bishop,66,Female,9271
Royce,Delacruz,64,Male,4503
Yoselin,Rojas,22,Female,3761
Morgan,Tran,69,Female,9036
Evie,Guerrero,77,Male,2247
Joselyn,Pittman,39,Female,3377
Timothy,Durham,24,Female,8215
Kyla,Krause,69,Male,4424
Zoie,Nelson,77,Female,1909
Cason,Reeves,86,Female,3750
Zachariah,Robertson,53,Male,6711
Jane,Fry,60,Female,4266
Tori,Tanner,64,Female,4376
Sarahi,Cabrera,57,Male,6927
Quintin,Dickerson,78,Female,1717
Jorden,Faulkner,55,Female,4468
Kasey,Ho,61,Male,2090
Cameron,Morrow,49,Female,3257
Janiya,Farley,79,Female,6880
Braelyn,Rowe,38,Male,5453
Trevin,Barnes,50,Female,7920
Stanley,Conley,38,Female,5526
Grayson,Bush,63,Male,6704
Thalia,Hawkins,20,Female,4633
Carlie,Hinton,72,Female,8666
Kaeden,Erickson,79,Male,7567
Madyson,Irwin,67,Female,6628
Brodie,Watts,29,Female,4231
Ian,Dunn,84,Male,2205
Ellen,Bright,55,Female,6026
Carley,Hardy,40,Female,7148
Aubrey,White,80,Male,5388
Chace,Gibson,85,Female,8280
Rubi,Graves,86,Female,9369
Caylee,Stevens,89,Male,6400
Johnathan,Spence,45,Female,7768
Jeramiah,Shelton,62,Female,3750
Sean,Aguilar,73,Female,5087
Lilah,Allen,79,Female,5148
Brennan,Miller,38,Male,6674
Anderson,Chase,24,Female,2754
Trey,Espinoza,42,Female,5896
Beatrice,Wheeler,36,Male,4130
Cruz,Stanton,73,Female,1537
Athena,Landry,42,Female,9449
Jordon,Murillo,58,Male,9013
Marisol,Pham,82,Female,5274
Kole,Rodriguez,38,Female,9158
Edward,Church,73,Male,9256
Kaitlin,Knight,26,Female,8565
Tanner,Potts,85,Female,5410
Stella,Wade,71,Male,4078
Emerson,Duncan,43,Female,6403
Drake,Herrera,42,Female,4251
India,Dodson,89,Male,3512
Jamal,Watkins,67,Female,1850
Braden,French,30,Female,8502
Cornelius,Burton,60,Male,4776
Baron,Forbes,56,Female,5661
Yareli,Rivera,67,Female,5079
Aydan,Wade,26,Male,2247
Hayden,Boyle,22,Female,8655
Kellen,Heath,33,Female,5375
Mckayla,Morris,49,Male,6536
Damon,Molina,30,Female,9246
Nathalie,Norman,61,Female,7186
Brisa,Mccullough,73,Male,7251
Jaylah,Richards,70,Female,3558
Fernando,Floyd,19,Female,8677
Hezekiah,Ortega,39,Male,3686
Justice,Brennan,25,Female,8477
Faith,Blake,87,Female,2543
Frances,Brewer,40,Male,9264
Yosef,Washington,69,Female,4096
Brenda,Pacheco,23,Female,3759
Malcolm,Liu,20,Male,8033
Samson,Ramirez,23,Female,4296
Tyree,Barker,63,Female,6347
Winston,Franco,28,Male,3175
Paulina,Mcdowell,74,Female,5659
Brianna,Zuniga,46,Female,8604
Kennedy,Kemp,47,Male,8532
Josh,Townsend,73,Female,6762
Gerardo,Everett,18,Female,3772
Jeffrey,Gould,69,Male,4554
Duncan,Estrada,64,Female,2127
Jaxon,Lloyd,41,Female,5455
Kallie,Burnett,78,Male,4370
Turner,Ortiz,61,Female,8892
Rayne,Galvan,59,Female,7216
Alijah,Grimes,38,Female,1710
Jade,Mccarty,86,Female,2205
Rohan,Chang,89,Male,3414
Elliana,Savage,79,Female,1928
Alyvia,Sosa,38,Female,5474
Cortez,Lin,54,Male,6474
Elle,Mcfarland,73,Female,9202
Iris,Houston,28,Female,2843
Gavin,Payne,59,Male,3721
Tori,Carlson,89,Female,7426
Nathanial,Roach,90,Female,1692
Micah,Nixon,32,Male,6508
Jane,Peck,34,Female,7819
Bethany,Hardy,79,Female,2991
Arielle,Harris,57,Male,2829
Colby,Ellison,19,Female,4815
Kendall,Ford,60,Female,4381
Derick,Guzman,68,Male,2389
Izayah,Sanchez,36,Female,7050
Hailee,Rush,39,Male,4418
Jovany,Dominguez,69,Female,1240
Devyn,Hogan,85,Male,6990
Georgia,Brooks,65,Female,6230
Caroline,Holloway,30,Male,8297
Frank,Compton,25,Female,9461
Zavier,Ayala,39,Male,1424
Kai,Martinez,37,Female,8927
Camila,Donovan,30,Male,6982
Stephanie,Kerr,65,Female,4854
Abby,Marshall,19,Male,3283
Kinley,Stuart,22,Female,4106
Edith,Lamb,47,Male,3506
Haylie,Marquez,79,Female,4283
Patricia,Gentry,50,Male,1893
Elisha,Fuller,64,Female,8462
Francis,Thornton,44,Male,1399
Karly,Stone,58,Female,7834
Nola,Cochran,23,Female,3973
Diamond,Tanner,30,Male,3765
Emilee,Sanford,19,Female,9439
Gael,Arellano,21,Female,9277
Ignacio,Hurst,35,Male,1962
Maddox,Vega,48,Female,2917
Ben,Ayala,72,Female,3975
Stacy,Weiss,62,Male,3528
Micah,Krause,83,Female,8449
Cody,Hurley,38,Female,3869
Gavin,Hayden,67,Male,3786
Joseph,Salinas,51,Female,8530
Keshawn,Soto,72,Female,4488
Makhi,Dougherty,54,Male,8827
Rylee,Warren,33,Female,7433
Yesenia,Herman,88,Female,5591
Katelynn,Zuniga,70,Male,8857
Dominik,Faulkner,74,Female,8456
Ana,Nicholson,76,Female,4724
Kyle,Shepherd,28,Male,9309
Jolie,Harrington,32,Female,3810
Anastasia,Dunlap,37,Female,2608
Keira,Clark,32,Male,8432
Jan,Ashley,77,Female,2191
Naima,Larsen,40,Female,1509
Aubrey,Roth,78,Male,3404
Brady,Hunt,68,Female,6150
Mira,Browning,58,Female,2919
Aedan,Church,65,Male,4123
Ryleigh,Kerr,86,Female,8130
Cody,Mccullough,66,Female,4720
Leanna,Gilbert,68,Male,5643
Tamia,Ramirez,60,Female,8299
Tomas,Zavala,69,Female,5468
Marcelo,Marquez,89,Male,1306
Camille,Dunn,90,Female,6020
Brittany,Lucas,83,Female,3950
Kai,Wang,26,Male,6627
Quinton,Long,22,Female,2787
Anaya,Pollard,31,Female,8285
Kian,Wise,59,Male,6325
Kaylee,Delacruz,79,Female,5599
Jaylynn,Mills,24,Female,8036
Alexa,Kerr,90,Male,6706
Brenton,Gross,68,Female,7860
Baron,Manning,57,Female,2175
Kassidy,Rubio,38,Male,4283
Zaire,Barry,27,Female,6091
Marquis,Thomas,26,Female,6356
Jordan,Woodward,42,Male,3847
Saige,Maldonado,19,Female,2721
Jonas,Holmes,73,Female,6944
Angelo,Levy,78,Male,4092
Maeve,Webster,30,Female,5302
Zane,Blankenship,73,Male,7942
Shaun,Molina,81,Female,4588
Dane,Dorsey,54,Male,8195
Jaime,Herman,51,Female,3193
Jade,Morales,43,Male,4043
Aidan,Mcintosh,44,Female,6404
Yazmin,Waters,45,Male,6574
Jolie,Stephenson,90,Female,6478
Carolyn,Peters,31,Male,7708
Lincoln,Reeves,24,Female,6719
Kimora,Weeks,40,Male,3001
Adonis,Mason,42,Female,6053
Kyan,Rose,53,Male,1926
Mia,Reilly,40,Female,7236
Davin,Lawrence,45,Male,4551
Valeria,Stone,28,Female,5019
Penelope,Norris,42,Male,3061
Kassidy,Vargas,48,Female,9269
Donte,Scott,69,Female,3795
Corey,Waters,24,Male,9475
Lucia,Lamb,55,Female,1876
Makenna,Mathis,81,Female,5175
Liana,Mccormick,61,Male,5474
Sofia,Huffman,40,Female,3289
Libby,Barry,34,Female,6394
Brynn,Noble,80,Male,3362
Jocelyn,Newman,33,Female,4458
Dayami,Robertson,74,Female,5398
Allison,Tucker,19,Male,8733
Caylee,Bean,33,Female,9182
Brenden,Chavez,32,Female,1898
Raiden,May,59,Male,2691
Edith,Willis,58,Female,9468
Miriam,Lin,51,Female,1471
Emmy,Ray,73,Male,1988
Reuben,Stephens,25,Female,2758
Giselle,Randall,19,Female,8361
Aleah,Stout,32,Male,9349
Kendrick,Drake,55,Female,2392
Sammy,Hoover,85,Female,6786
Angelique,Nichols,80,Male,5873
Jamar,Fox,28,Female,7610
Ariella,David,41,Female,3084
Saniya,Walsh,83,Male,7257
Ismael,Molina,63,Female,7896
Annabelle,Watson,39,Female,5821
Emmett,Miles,30,Male,2872
Hallie,Tapia,46,Female,5770
Naomi,Gates,35,Female,2465
Giancarlo,Horton,46,Male,7109
Ronnie,Maldonado,66,Female,4568
Micah,Howard,45,Female,4614
Dexter,Allen,30,Male,6285
Malakai,Patrick,32,Female,6030
Daphne,Crane,45,Female,9293
Kenneth,Salinas,42,Male,1603
Leah,Fischer,41,Female,4637
Mya,Delacruz,32,Female,4674
Cristian,Curry,75,Male,5662
Omari,Chaney,26,Female,3496
Cameron,Hayden,89,Female,1399
Brent,Mcintosh,87,Male,7523
Marilyn,Herring,76,Female,8874
Elisha,Stuart,40,Female,2373
Roberto,Cervantes,84,Male,3862
Sheldon,Phelps,66,Female,8700
Destiny,Hendrix,35,Female,4287
Keagan,Wilson,29,Male,5475
Jimena,Adkins,77,Female,9217
Maximus,Sandoval,65,Female,2340
Gauge,Middleton,80,Male,4941
Kamren,Nicholson,74,Female,7834
Hailie,Martin,56,Male,6326
Kinsley,Elliott,80,Female,2975
Keely,Kaufman,53,Male,6348
Macy,Clayton,49,Female,3857
Deja,Welch,19,Male,6289
Taniya,Wilson,22,Female,7780
Izaiah,Fowler,19,Male,8406
Ella,Church,40,Female,1852
Valentino,Rhodes,63,Male,2414
Josiah,Larsen,28,Female,7100
Kierra,Novak,69,Male,4313
Itzel,Ellison,77,Female,7394
Zavier,Garcia,59,Male,7547
Rosa,Parks,74,Female,5940
Coleman,Odom,39,Male,5506
Kaden,Lawrence,38,Female,2758
Dale,Hopkins,44,Male,3031
Diamond,Suarez,77,Female,5311
Noah,Livingston,83,Female,8023
Alena,Wilkerson,25,Male,3964
Anabel,Pittman,60,Female,3908
Keyon,Flowers,68,Female,8546
Nigel,Hardy,52,Male,6509
Madden,Bruce,90,Female,8871
Alaina,Orozco,31,Female,5171
Ashtyn,Burnett,86,Male,6881
Jasiah,Richard,33,Female,5165
Madyson,Richard,18,Female,5486
Tatum,Parrish,38,Male,9099
Gerardo,Crosby,82,Female,9085
Leslie,Byrd,46,Female,8217
Leonel,Hernandez,78,Male,2256
Jair,Hobbs,57,Female,8560
Alexander,Shepard,67,Female,5335
Zoe,Fitzgerald,78,Male,4906
Janae,Cox,81,Female,1997
Kaylee,Garner,31,Female,2382
Marley,Osborn,38,Male,1402
Madalyn,Parks,45,Female,4040
Antoine,Lang,21,Female,1534
Fernando,Cross,51,Male,8048
Donald,Valentine,44,Female,4205
Alaina,Espinoza,65,Female,4781
Precious,Beasley,64,Male,3515
Bennett,Thomas,23,Female,4177
Eliezer,Bryan,67,Female,5267
Claudia,Santos,80,Male,3142
Zachery,Calhoun,84,Female,7242
Logan,Rhodes,87,Female,4709
Patience,Vaughan,47,Male,5212
Luciana,Nunez,84,Female,5263
Marquis,Berg,42,Female,1771
Harold,Summers,18,Male,9004
Gianna,Humphrey,76,Female,8265
Miley,Stevens,56,Female,5641
Cristal,Hanna,62,Male,9019
Kira,Garrison,36,Female,5991
Wayne,Waters,48,Female,6249
Caroline,Mcdaniel,38,Male,7569
Rhett,Barton,31,Female,1364
Ashley,Barrera,60,Female,8578
Meadow,Kramer,75,Male,9398
Marcelo,Delgado,61,Female,7446
Layne,Wright,24,Female,1875
Mathias,Horn,62,Male,3907
Zoe,Sosa,52,Female,8799
Mina,Keller,23,Female,7081
Killian,Owen,84,Male,6393
Toby,Erickson,19,Female,7961
Lorenzo,Lane,30,Male,3212
Lara,Carpenter,31,Female,2455
Messiah,Vargas,67,Male,2356
Kathy,Torres,19,Female,5379
Emelia,Stanton,37,Male,3321
Layne,Fowler,72,Female,5084
Johnny,Malone,88,Male,8355
Braelyn,Hartman,75,Female,6125
Jermaine,Campbell,89,Male,2659
Piper,Mckenzie,72,Female,1746
Javon,Barnes,27,Male,7709
Nayeli,Clements,88,Female,8262
Derek,Spears,47,Male,2785
Maddison,Flynn,65,Female,5545
Madeleine,Nixon,83,Male,6623
Hayley,Lam,24,Female,5679
Paityn,Clark,81,Male,1768
Ciara,Cameron,21,Female,8432
Walker,Gaines,52,Male,9223
Brooklyn,Houston,43,Female,1309
Jamarion,Fitzpatrick,46,Female,5728
Amanda,Krueger,81,Male,7193
Jonah,Gillespie,67,Female,3544
Britney,George,19,Female,2392
Jamal,Maldonado,49,Male,5401
Liana,Rasmussen,34,Female,5158
Madelyn,Andersen,89,Female,7001
Calvin,Weiss,88,Male,1973
Jonathon,Carey,89,Female,4671
Sebastian,Knight,55,Female,3268
Anaya,Farmer,30,Male,1306
Lyric,Mccarty,59,Female,6795
Serena,Franco,68,Female,6394
Grace,George,82,Male,4983
Cristal,Rush,77,Female,8675
Rachael,Garner,38,Female,6924
Sonny,Hooper,67,Male,8433
Louis,Maddox,77,Female,3360
Anderson,Mcmillan,76,Female,4879
Milo,Sims,63,Male,2836
Layton,Hanna,79,Female,8320
Payton,Warren,32,Female,2643
Luke,Osborne,45,Male,4970
Maximilian,Ashley,43,Female,6158
Dawson,Elliott,84,Female,7401
Aiyana,Andersen,81,Male,2532
Kymani,Kline,20,Female,4223
Abbey,Carey,63,Female,7946
Lexi,Jennings,62,Male,3234
Yandel,Esparza,57,Female,5620
Marisa,Ballard,48,Female,8397
Ruth,Durham,29,Male,6119
Randall,Berry,23,Female,3865
Akira,Hester,20,Female,7627
Abram,Sandoval,53,Male,2325
Andres,Santos,69,Female,2512
Adrian,Guzman,63,Female,6768
Lane,Huber,26,Male,2733
Tate,Matthews,43,Female,2713
Cody,Trujillo,71,Female,9340
Erik,Rivera,34,Male,7428
Jada,Turner,22,Female,8582
Jazmine,Underwood,61,Female,8296
Ruben,Taylor,25,Male,5195
Hope,Rogers,18,Female,5987
Lyric,Mccullough,56,Female,4049
Elias,Mccoy,43,Male,1489
Charlize,Alvarez,64,Female,8098
Jovanni,Houston,48,Female,5527
Derrick,Dudley,64,Male,8810
Daniela,Mckay,28,Female,8145
Kaleb,Mcpherson,63,Female,8111
Allie,Blevins,74,Female,1250
Kianna,Bruce,54,Female,5671
Kimora,Schroeder,35,Male,9463
Keyla,Sampson,19,Female,1839
Shyanne,Villanueva,85,Female,4152
Thalia,Dominguez,88,Male,6621
Chanel,Holt,38,Female,2618
Mara,Beltran,29,Female,2670
Abigail,Velazquez,81,Male,1613
Aniyah,Suarez,77,Female,9047
Colt,Davies,31,Female,6174
Jameson,West,21,Male,8703
Shawn,Wilson,62,Female,3539
Aydin,Dorsey,50,Female,4385
Catalina,Mathis,55,Male,4361
Oswaldo,Mason,56,Female,5171
Gianni,Mercado,87,Female,1457
Avery,Hatfield,49,Male,2318
Princess,Donaldson,70,Female,7016
Cullen,Barajas,53,Female,2048
Noe,Rich,53,Male,8069
Arely,Perkins,58,Female,7972
Nathaly,Pruitt,21,Female,4945
Yair,Garrett,44,Male,1640
Isaiah,Mcintosh,38,Female,1269
Amiya,Haney,46,Female,4287
Barrett,Cooper,57,Male,1637
Emmett,Marshall,80,Female,3793
Scarlett,Paul,19,Female,5695
Andy,Beasley,60,Male,6007
Krish,Tran,55,Female,7366
Mckenna,Marshall,60,Female,7417
Francis,Frank,31,Male,4773
Lindsey,Wade,75,Female,7985
Courtney,Barajas,39,Female,3290
Ethen,Hopkins,33,Male,3990
Kareem,Decker,70,Female,3701
Braiden,Simpson,82,Female,3538
Franklin,Bartlett,63,Male,5904
William,Dudley,73,Female,7396
Izabelle,Day,21,Female,1394
Kelsie,Wright,19,Male,3259
Tessa,Walters,29,Female,4891
Yazmin,Torres,67,Female,9001
Natalee,Beard,40,Male,2147
Jaslene,Campos,66,Female,4199
Brylee,Luna,59,Female,4814
Anabel,Ibarra,46,Male,1472
Adolfo,Lawson,78,Female,3225
Hayden,Barker,23,Female,2524
Angela,Thornton,75,Male,4864
Shelby,Guerra,34,Female,8061
Arielle,Fitzpatrick,36,Female,4246
Marquise,Mcgrath,44,Female,3017
Chaya,Christensen,40,Female,3363
Krista,Clarke,25,Male,8282
Dillon,Harmon,58,Female,8502
Devan,Frederick,64,Female,4228
Keon,Ross,43,Male,2271
Conrad,Norris,34,Female,7030
Olive,Dickerson,51,Female,7304
Autumn,Jenkins,55,Male,4286
Moses,Hale,65,Female,1359
Toby,Morrow,84,Female,6895
Dahlia,Vazquez,28,Male,6418
Mauricio,Payne,27,Female,4946
Christine,Holden,38,Female,3938
Jane,Travis,86,Male,6278
Martha,Bryan,60,Female,2893
Terrance,Fry,45,Female,6328
Gwendolyn,Hamilton,23,Male,6622